{
  "MS_Global": {
    "val": {
      "rmse": 835.345451735674,
      "mae": 491.0667273445796,
      "spearman": 0.998631635133959
    },
    "test": {
      "rmse": 915.9261094111627,
      "mae": 571.6692388357287,
      "spearman": 0.9978521291737226,
      "ndcg@10": 0.9929994326800796,
      "precision@10": 1.0,
      "recall@10": 1.0,
      "ci_coverage": 0.7666666666666666
    }
  },
  "MS_Asia": {
    "val": {
      "rmse": 1416.5101626740811,
      "mae": 685.0088492262975,
      "spearman": 0.9979258334454137
    },
    "test": {
      "rmse": 1322.514424980128,
      "mae": 699.8351489827046,
      "spearman": 0.9979535089943437,
      "ndcg@10": 0.9930093599621492,
      "precision@10": 0.9,
      "recall@10": 0.9,
      "ci_coverage": 0.7724394832286657
    }
  },
  "MS_Europe": {
    "val": {
      "rmse": 879.0989782021625,
      "mae": 526.7422706612747,
      "spearman": 0.9962727512601186
    },
    "test": {
      "rmse": 1261.1368383159818,
      "mae": 693.31038158033,
      "spearman": 0.9963920634676832,
      "ndcg@10": 0.9776996442045852,
      "precision@10": 0.9333333333333332,
      "recall@10": 0.9333333333333332,
      "ci_coverage": 0.6123254401942927
    }
  },
  "WS_Global": {
    "val": {
      "rmse": 725.6652576286608,
      "mae": 434.03612132144076,
      "spearman": 0.9975989477780517
    },
    "test": {
      "rmse": 892.4108377645967,
      "mae": 568.7413056555529,
      "spearman": 0.9978038631039763,
      "ndcg@10": 0.8660612921608056,
      "precision@10": 0.9666666666666667,
      "recall@10": 0.9666666666666667,
      "ci_coverage": 0.7346666666666667
    }
  },
  "WS_Asia": {
    "val": {
      "rmse": 964.2544634623273,
      "mae": 579.5929425782626,
      "spearman": 0.9977325103665883
    },
    "test": {
      "rmse": 1071.3989397888647,
      "mae": 704.8999287516463,
      "spearman": 0.9973713671568778,
      "ndcg@10": 0.8671077740412786,
      "precision@10": 0.9666666666666667,
      "recall@10": 0.9666666666666667,
      "ci_coverage": 0.7396248982964849
    }
  },
  "WS_Europe": {
    "val": {
      "rmse": 907.3389320765751,
      "mae": 496.0729198492883,
      "spearman": 0.993649692815767
    },
    "test": {
      "rmse": 913.7746769270374,
      "mae": 523.1070821823895,
      "spearman": 0.9924364637120114,
      "ndcg@10": 0.9797370969168004,
      "precision@10": 0.9666666666666667,
      "recall@10": 0.9666666666666667,
      "ci_coverage": 0.694347546381207
    }
  },
  "MD_Global": {
    "val": {
      "rmse": 785.3716276971788,
      "mae": 470.2852964423694,
      "spearman": 0.9987029361681176
    },
    "test": {
      "rmse": 879.217638479654,
      "mae": 573.2562475619029,
      "spearman": 0.9978337574420522,
      "ndcg@10": 0.9712336725128657,
      "precision@10": 0.9333333333333332,
      "recall@10": 0.9333333333333332,
      "ci_coverage": 0.7696666666666667
    }
  },
  "MD_Asia": {
    "val": {
      "rmse": 959.0629628363401,
      "mae": 595.7211963746363,
      "spearman": 0.99854375336403
    },
    "test": {
      "rmse": 1017.059969532517,
      "mae": 684.7278549066689,
      "spearman": 0.9976266750807533,
      "ndcg@10": 0.9707397423519906,
      "precision@10": 1.0,
      "recall@10": 1.0,
      "ci_coverage": 0.77831620912968
    }
  },
  "MD_Europe": {
    "val": {
      "rmse": 629.2088296810763,
      "mae": 370.75602313354784,
      "spearman": 0.9970993756930802
    },
    "test": {
      "rmse": 844.6499589107286,
      "mae": 516.3157837228621,
      "spearman": 0.9968769175958849,
      "ndcg@10": 0.9943275293354503,
      "precision@10": 0.9333333333333332,
      "recall@10": 0.9333333333333332,
      "ci_coverage": 0.7494082741607494
    }
  },
  "WD_Global": {
    "val": {
      "rmse": 734.861304789897,
      "mae": 391.4693450171301,
      "spearman": 0.999109024925618
    },
    "test": {
      "rmse": 796.5085425492601,
      "mae": 507.30239920881684,
      "spearman": 0.9982945931398185,
      "ndcg@10": 0.9954834814011145,
      "precision@10": 0.8666666666666667,
      "recall@10": 0.8666666666666667,
      "ci_coverage": 0.7331666666666666
    }
  },
  "WD_Asia": {
    "val": {
      "rmse": 907.4545538701815,
      "mae": 516.5816780846087,
      "spearman": 0.9985175866333155
    },
    "test": {
      "rmse": 1002.6473749727985,
      "mae": 662.2554145525872,
      "spearman": 0.9976062524025422,
      "ndcg@10": 0.8866069821882517,
      "precision@10": 0.8666666666666667,
      "recall@10": 0.8666666666666667,
      "ci_coverage": 0.7178017844224741
    }
  },
  "WD_Europe": {
    "val": {
      "rmse": 887.9801676528535,
      "mae": 506.39714169525956,
      "spearman": 0.9969717834805728
    },
    "test": {
      "rmse": 974.7614634337568,
      "mae": 671.6212078397,
      "spearman": 0.9967395482636493,
      "ndcg@10": 0.9622996800529533,
      "precision@10": 1.0,
      "recall@10": 1.0,
      "ci_coverage": 0.5600092184484199
    }
  },
  "XD_Global": {
    "val": {
      "rmse": 744.1872683838062,
      "mae": 401.86488809365767,
      "spearman": 0.998481224735482
    },
    "test": {
      "rmse": 921.8940513272809,
      "mae": 550.1959051898571,
      "spearman": 0.9978405130654218,
      "ndcg@10": 0.9181298539722099,
      "precision@10": 0.9333333333333332,
      "recall@10": 0.9333333333333332,
      "ci_coverage": 0.7843333333333332
    }
  },
  "XD_Asia": {
    "val": {
      "rmse": 910.1258854445124,
      "mae": 543.8534990516652,
      "spearman": 0.9978727776516267
    },
    "test": {
      "rmse": 1091.6081854378003,
      "mae": 681.2812802415518,
      "spearman": 0.997802411195842,
      "ndcg@10": 0.975469247100922,
      "precision@10": 0.9333333333333332,
      "recall@10": 0.9333333333333332,
      "ci_coverage": 0.7521973370229637
    }
  },
  "XD_Europe": {
    "val": {
      "rmse": 741.4549233600726,
      "mae": 447.289088414711,
      "spearman": 0.9941198316793693
    },
    "test": {
      "rmse": 984.5955111352471,
      "mae": 656.9919674235687,
      "spearman": 0.993500542921566,
      "ndcg@10": 0.9983497944777868,
      "precision@10": 0.9,
      "recall@10": 0.9,
      "ci_coverage": 0.7180236440387642
    }
  }
}